"Episode","Total Reward"
0,0.9688618717494949
1,0.8805511349743123
2,0.8006380524875331
3,0.7304530185579807
4,0.6669996988881076
5,0.6105372935540497
6,0.5624191158044994
